<?xml version="1.0" encoding="UTF-8"?>
<root>
  <item name="com.polidea.rxandroidble.exceptions.BleCannotSetCharacteristicNotificationException BleCannotSetCharacteristicNotificationException(android.bluetooth.BluetoothGattCharacteristic, int, java.lang.Throwable) 1">
    <annotation name="android.support.annotation.IntDef">
      <val name="value" val="{com.polidea.rxandroidble.exceptions.BleCannotSetCharacteristicNotificationException.UNKNOWN, com.polidea.rxandroidble.exceptions.BleCannotSetCharacteristicNotificationException.CANNOT_SET_LOCAL_NOTIFICATION, com.polidea.rxandroidble.exceptions.BleCannotSetCharacteristicNotificationException.CANNOT_FIND_CLIENT_CHARACTERISTIC_CONFIG_DESCRIPTOR, com.polidea.rxandroidble.exceptions.BleCannotSetCharacteristicNotificationException.CANNOT_WRITE_CLIENT_CHARACTERISTIC_CONFIG_DESCRIPTOR}" />
    </annotation>
  </item>
  <item name="com.polidea.rxandroidble.exceptions.BleCannotSetCharacteristicNotificationException int getReason()">
    <annotation name="android.support.annotation.IntDef">
      <val name="value" val="{com.polidea.rxandroidble.exceptions.BleCannotSetCharacteristicNotificationException.UNKNOWN, com.polidea.rxandroidble.exceptions.BleCannotSetCharacteristicNotificationException.CANNOT_SET_LOCAL_NOTIFICATION, com.polidea.rxandroidble.exceptions.BleCannotSetCharacteristicNotificationException.CANNOT_FIND_CLIENT_CHARACTERISTIC_CONFIG_DESCRIPTOR, com.polidea.rxandroidble.exceptions.BleCannotSetCharacteristicNotificationException.CANNOT_WRITE_CLIENT_CHARACTERISTIC_CONFIG_DESCRIPTOR}" />
    </annotation>
  </item>
  <item name="com.polidea.rxandroidble.exceptions.BleCannotSetCharacteristicNotificationException java.lang.String createMessage(android.bluetooth.BluetoothGattCharacteristic, int) 1">
    <annotation name="android.support.annotation.IntDef">
      <val name="value" val="{com.polidea.rxandroidble.exceptions.BleCannotSetCharacteristicNotificationException.UNKNOWN, com.polidea.rxandroidble.exceptions.BleCannotSetCharacteristicNotificationException.CANNOT_SET_LOCAL_NOTIFICATION, com.polidea.rxandroidble.exceptions.BleCannotSetCharacteristicNotificationException.CANNOT_FIND_CLIENT_CHARACTERISTIC_CONFIG_DESCRIPTOR, com.polidea.rxandroidble.exceptions.BleCannotSetCharacteristicNotificationException.CANNOT_WRITE_CLIENT_CHARACTERISTIC_CONFIG_DESCRIPTOR}" />
    </annotation>
  </item>
  <item name="com.polidea.rxandroidble.exceptions.BleCannotSetCharacteristicNotificationException reason">
    <annotation name="android.support.annotation.IntDef">
      <val name="value" val="{com.polidea.rxandroidble.exceptions.BleCannotSetCharacteristicNotificationException.UNKNOWN, com.polidea.rxandroidble.exceptions.BleCannotSetCharacteristicNotificationException.CANNOT_SET_LOCAL_NOTIFICATION, com.polidea.rxandroidble.exceptions.BleCannotSetCharacteristicNotificationException.CANNOT_FIND_CLIENT_CHARACTERISTIC_CONFIG_DESCRIPTOR, com.polidea.rxandroidble.exceptions.BleCannotSetCharacteristicNotificationException.CANNOT_WRITE_CLIENT_CHARACTERISTIC_CONFIG_DESCRIPTOR}" />
    </annotation>
  </item>
  <item name="com.polidea.rxandroidble.exceptions.BleCannotSetCharacteristicNotificationException.Reason">
    <annotation name="android.support.annotation.IntDef">
      <val name="value" val="{com.polidea.rxandroidble.exceptions.BleCannotSetCharacteristicNotificationException.UNKNOWN, com.polidea.rxandroidble.exceptions.BleCannotSetCharacteristicNotificationException.CANNOT_SET_LOCAL_NOTIFICATION, com.polidea.rxandroidble.exceptions.BleCannotSetCharacteristicNotificationException.CANNOT_FIND_CLIENT_CHARACTERISTIC_CONFIG_DESCRIPTOR, com.polidea.rxandroidble.exceptions.BleCannotSetCharacteristicNotificationException.CANNOT_WRITE_CLIENT_CHARACTERISTIC_CONFIG_DESCRIPTOR}" />
    </annotation>
  </item>
  <item name="com.polidea.rxandroidble.exceptions.BleScanException BleScanException(int) 0">
    <annotation name="android.support.annotation.IntDef">
      <val name="value" val="{com.polidea.rxandroidble.exceptions.BleScanException.BLUETOOTH_CANNOT_START, com.polidea.rxandroidble.exceptions.BleScanException.BLUETOOTH_DISABLED, com.polidea.rxandroidble.exceptions.BleScanException.BLUETOOTH_NOT_AVAILABLE, com.polidea.rxandroidble.exceptions.BleScanException.LOCATION_PERMISSION_MISSING, com.polidea.rxandroidble.exceptions.BleScanException.LOCATION_SERVICES_DISABLED, com.polidea.rxandroidble.exceptions.BleScanException.SCAN_FAILED_ALREADY_STARTED, com.polidea.rxandroidble.exceptions.BleScanException.SCAN_FAILED_APPLICATION_REGISTRATION_FAILED, com.polidea.rxandroidble.exceptions.BleScanException.SCAN_FAILED_INTERNAL_ERROR, com.polidea.rxandroidble.exceptions.BleScanException.SCAN_FAILED_FEATURE_UNSUPPORTED, com.polidea.rxandroidble.exceptions.BleScanException.SCAN_FAILED_OUT_OF_HARDWARE_RESOURCES, com.polidea.rxandroidble.exceptions.BleScanException.UNDOCUMENTED_SCAN_THROTTLE, com.polidea.rxandroidble.exceptions.BleScanException.UNKNOWN_ERROR_CODE}" />
    </annotation>
  </item>
  <item name="com.polidea.rxandroidble.exceptions.BleScanException BleScanException(int, java.lang.Throwable) 0">
    <annotation name="android.support.annotation.IntDef">
      <val name="value" val="{com.polidea.rxandroidble.exceptions.BleScanException.BLUETOOTH_CANNOT_START, com.polidea.rxandroidble.exceptions.BleScanException.BLUETOOTH_DISABLED, com.polidea.rxandroidble.exceptions.BleScanException.BLUETOOTH_NOT_AVAILABLE, com.polidea.rxandroidble.exceptions.BleScanException.LOCATION_PERMISSION_MISSING, com.polidea.rxandroidble.exceptions.BleScanException.LOCATION_SERVICES_DISABLED, com.polidea.rxandroidble.exceptions.BleScanException.SCAN_FAILED_ALREADY_STARTED, com.polidea.rxandroidble.exceptions.BleScanException.SCAN_FAILED_APPLICATION_REGISTRATION_FAILED, com.polidea.rxandroidble.exceptions.BleScanException.SCAN_FAILED_INTERNAL_ERROR, com.polidea.rxandroidble.exceptions.BleScanException.SCAN_FAILED_FEATURE_UNSUPPORTED, com.polidea.rxandroidble.exceptions.BleScanException.SCAN_FAILED_OUT_OF_HARDWARE_RESOURCES, com.polidea.rxandroidble.exceptions.BleScanException.UNDOCUMENTED_SCAN_THROTTLE, com.polidea.rxandroidble.exceptions.BleScanException.UNKNOWN_ERROR_CODE}" />
    </annotation>
  </item>
  <item name="com.polidea.rxandroidble.exceptions.BleScanException BleScanException(int, java.util.Date) 0">
    <annotation name="android.support.annotation.IntDef">
      <val name="value" val="{com.polidea.rxandroidble.exceptions.BleScanException.BLUETOOTH_CANNOT_START, com.polidea.rxandroidble.exceptions.BleScanException.BLUETOOTH_DISABLED, com.polidea.rxandroidble.exceptions.BleScanException.BLUETOOTH_NOT_AVAILABLE, com.polidea.rxandroidble.exceptions.BleScanException.LOCATION_PERMISSION_MISSING, com.polidea.rxandroidble.exceptions.BleScanException.LOCATION_SERVICES_DISABLED, com.polidea.rxandroidble.exceptions.BleScanException.SCAN_FAILED_ALREADY_STARTED, com.polidea.rxandroidble.exceptions.BleScanException.SCAN_FAILED_APPLICATION_REGISTRATION_FAILED, com.polidea.rxandroidble.exceptions.BleScanException.SCAN_FAILED_INTERNAL_ERROR, com.polidea.rxandroidble.exceptions.BleScanException.SCAN_FAILED_FEATURE_UNSUPPORTED, com.polidea.rxandroidble.exceptions.BleScanException.SCAN_FAILED_OUT_OF_HARDWARE_RESOURCES, com.polidea.rxandroidble.exceptions.BleScanException.UNDOCUMENTED_SCAN_THROTTLE, com.polidea.rxandroidble.exceptions.BleScanException.UNKNOWN_ERROR_CODE}" />
    </annotation>
  </item>
  <item name="com.polidea.rxandroidble.exceptions.BleScanException int getReason()">
    <annotation name="android.support.annotation.IntDef">
      <val name="value" val="{com.polidea.rxandroidble.exceptions.BleScanException.BLUETOOTH_CANNOT_START, com.polidea.rxandroidble.exceptions.BleScanException.BLUETOOTH_DISABLED, com.polidea.rxandroidble.exceptions.BleScanException.BLUETOOTH_NOT_AVAILABLE, com.polidea.rxandroidble.exceptions.BleScanException.LOCATION_PERMISSION_MISSING, com.polidea.rxandroidble.exceptions.BleScanException.LOCATION_SERVICES_DISABLED, com.polidea.rxandroidble.exceptions.BleScanException.SCAN_FAILED_ALREADY_STARTED, com.polidea.rxandroidble.exceptions.BleScanException.SCAN_FAILED_APPLICATION_REGISTRATION_FAILED, com.polidea.rxandroidble.exceptions.BleScanException.SCAN_FAILED_INTERNAL_ERROR, com.polidea.rxandroidble.exceptions.BleScanException.SCAN_FAILED_FEATURE_UNSUPPORTED, com.polidea.rxandroidble.exceptions.BleScanException.SCAN_FAILED_OUT_OF_HARDWARE_RESOURCES, com.polidea.rxandroidble.exceptions.BleScanException.UNDOCUMENTED_SCAN_THROTTLE, com.polidea.rxandroidble.exceptions.BleScanException.UNKNOWN_ERROR_CODE}" />
    </annotation>
  </item>
  <item name="com.polidea.rxandroidble.exceptions.BleScanException reason">
    <annotation name="android.support.annotation.IntDef">
      <val name="value" val="{com.polidea.rxandroidble.exceptions.BleScanException.BLUETOOTH_CANNOT_START, com.polidea.rxandroidble.exceptions.BleScanException.BLUETOOTH_DISABLED, com.polidea.rxandroidble.exceptions.BleScanException.BLUETOOTH_NOT_AVAILABLE, com.polidea.rxandroidble.exceptions.BleScanException.LOCATION_PERMISSION_MISSING, com.polidea.rxandroidble.exceptions.BleScanException.LOCATION_SERVICES_DISABLED, com.polidea.rxandroidble.exceptions.BleScanException.SCAN_FAILED_ALREADY_STARTED, com.polidea.rxandroidble.exceptions.BleScanException.SCAN_FAILED_APPLICATION_REGISTRATION_FAILED, com.polidea.rxandroidble.exceptions.BleScanException.SCAN_FAILED_INTERNAL_ERROR, com.polidea.rxandroidble.exceptions.BleScanException.SCAN_FAILED_FEATURE_UNSUPPORTED, com.polidea.rxandroidble.exceptions.BleScanException.SCAN_FAILED_OUT_OF_HARDWARE_RESOURCES, com.polidea.rxandroidble.exceptions.BleScanException.UNDOCUMENTED_SCAN_THROTTLE, com.polidea.rxandroidble.exceptions.BleScanException.UNKNOWN_ERROR_CODE}" />
    </annotation>
  </item>
  <item name="com.polidea.rxandroidble.exceptions.BleScanException.Reason">
    <annotation name="android.support.annotation.IntDef">
      <val name="value" val="{com.polidea.rxandroidble.exceptions.BleScanException.BLUETOOTH_CANNOT_START, com.polidea.rxandroidble.exceptions.BleScanException.BLUETOOTH_DISABLED, com.polidea.rxandroidble.exceptions.BleScanException.BLUETOOTH_NOT_AVAILABLE, com.polidea.rxandroidble.exceptions.BleScanException.LOCATION_PERMISSION_MISSING, com.polidea.rxandroidble.exceptions.BleScanException.LOCATION_SERVICES_DISABLED, com.polidea.rxandroidble.exceptions.BleScanException.SCAN_FAILED_ALREADY_STARTED, com.polidea.rxandroidble.exceptions.BleScanException.SCAN_FAILED_APPLICATION_REGISTRATION_FAILED, com.polidea.rxandroidble.exceptions.BleScanException.SCAN_FAILED_INTERNAL_ERROR, com.polidea.rxandroidble.exceptions.BleScanException.SCAN_FAILED_FEATURE_UNSUPPORTED, com.polidea.rxandroidble.exceptions.BleScanException.SCAN_FAILED_OUT_OF_HARDWARE_RESOURCES, com.polidea.rxandroidble.exceptions.BleScanException.UNDOCUMENTED_SCAN_THROTTLE, com.polidea.rxandroidble.exceptions.BleScanException.UNKNOWN_ERROR_CODE}" />
    </annotation>
  </item>
</root>

