<?xml version="1.0" encoding="UTF-8"?>
<root>
  <item name="com.polidea.rxandroidble.internal.scan.ScanSettingsEmulator rx.Observable.Transformer&lt;com.polidea.rxandroidble.internal.scan.RxBleInternalScanResult,com.polidea.rxandroidble.internal.scan.RxBleInternalScanResult&gt; emulateCallbackType(int) 0">
    <annotation name="android.support.annotation.IntDef">
      <val name="value" val="{com.polidea.rxandroidble.scan.ScanSettings.CALLBACK_TYPE_ALL_MATCHES, com.polidea.rxandroidble.scan.ScanSettings.CALLBACK_TYPE_FIRST_MATCH, com.polidea.rxandroidble.scan.ScanSettings.CALLBACK_TYPE_MATCH_LOST}" />
      <val name="flag" val="true" />
    </annotation>
  </item>
  <item name="com.polidea.rxandroidble.internal.scan.ScanSettingsEmulator rx.Observable.Transformer&lt;com.polidea.rxandroidble.internal.scan.RxBleInternalScanResult,com.polidea.rxandroidble.internal.scan.RxBleInternalScanResult&gt; emulateScanMode(int) 0">
    <annotation name="android.support.annotation.IntDef">
      <val name="value" val="{com.polidea.rxandroidble.scan.ScanSettings.SCAN_MODE_OPPORTUNISTIC, com.polidea.rxandroidble.scan.ScanSettings.SCAN_MODE_LOW_POWER, com.polidea.rxandroidble.scan.ScanSettings.SCAN_MODE_BALANCED, com.polidea.rxandroidble.scan.ScanSettings.SCAN_MODE_LOW_LATENCY}" />
    </annotation>
  </item>
</root>

